,,824
.,820
and,609
the,535
to,488
of,404
-,266
a,244
that,200
for,174
in,169
/,157
or,154
Control,153
CIS,152
are,145
on,143
be,127
(,118
is,114
network,110
:,102
an,100
as,93
security,89
all,89
systems,86
can,78
by,73
),73
access,72
organization,71
should,71
with,71
data,66
tools,65
AN,64
s,62
system,62
from,61
information,57
not,56
such,54
software,50
devices,48
have,47
use,46
Controls,45
their,45
The,40
This,39
this,39
attackers,39
at,36
also,35
each,34
they,33
inventory,32
used,31
enterprise,30
these,29
only,28
management,28
control,28
it,27
based,27
wireless,27
System,26
other,25
more,25
organizations,25
incident,25
attacks,24
we,24
?,24
business,24
accounts,24
ensure,23
services,23
using,23
traffic,23
vulnerabilities,23
users,22
V,22
In,22
Why,22
Procedures,22
application,22
critical,21
identify,21
Critical,21
Entity,21
Relationship,21
Ensure,21
sensitive,21
user,21
up,20
time,20
networks,20
through,20
effective,20
specific,20
Use,20
logging,20
Is,20
ReportingAnalytics,20
web,20
configuration,20
may,19
when,19
Security,19
actions,19
into,19
asset,19
scanning,19
within,18
most,18
training,18
vulnerability,18
been,18
those,18
program,18
machines,18
attacker,18
processes,18
attack,18
://,17
defense,17
understand,17
applications,17
defenses,17
malicious,17
provide,17
must,17
process,17
DiagramAlerting,17
email,17
logs,17
org,16
your,16
if,16
order,16
across,16
do,16
has,16
but,16
address,16
take,16
new,16
servers,16
machine,16
any,16
content,15
controls,15
many,15
who,15
Inventory,15
Team,15
which,15
theorganization,15
assets,15
).,14
including,14
available,14
well,14
prevent,14
•,14
part,14
will,14
For,14
),,14
include,14
unauthorized,14
points,14
operating,14
To,13
authorized,13
commercial,13
support,13
secure,13
–,13
Data,13
Wireless,13
technology,13
help,13
so,13
track,13
;,13
compromised,13
test,13
connected,13
configured,13
e,13
allow,13
over,13
analysis,13
Red,13
https,12
Software,12
Network,12
cyber,12
them,12
Attackers,12
internal,12
g,12
.,,12
regular,12
determine,12
running,12
If,12
need,12
default,12
managed,12
testing,12
boundary,12
you,11
www,11
common,11
against,11
developed,11
:•,11
response,11
very,11
exploit,11
hardware,11
correct,11
some,11
then,11
level,11
even,11
remote,11
automated,11
log,11
browsers,11
Access,11
tests,11
Internet,10
Secure,10
what,10
threat,10
alert,10
requirements,10
its,10
number,10
They,10
activities,10
tool,10
detect,10
configurations,10
one,10
place,10
addition,10
there,10
make,10
target,10
comprehensive,10
scan,10
basis,10
features,10
vulnerable,10
often,10
malware,10
resources,10
administrative,10
settings,10
personnel,10
privileges,10
multi,10
encryption,10
Additionally,9
required,9
date,9
set,9
threats,9
standards,9
risk,9
no,9
how,9
current,9
every,9
technical,9
approach,9
about,9
Utilize,9
manage,9
It,9
different,9
protocols,9
run,9
anti,9
between,9
passwords,9
authentication,9
Configure,9
audit,9
All,9
were,9
workforce,9
found,8
appropriate,8
cisecurity,8
Version,8
Devices,8
community,8
first,8
life,8
knowledge,8
possible,8
than,8
improve,8
document,8
list,8
good,8
);,8
etc,8
code,8
environment,8
identified,8
version,8
vendor,8
active,8
whether,8
installed,8
results,8
verify,8
scans,8
ports,8
client,8
installation,8
patch,8
allowed,8
look,8
account,8
team,8
without,8
DNS,8
filtering,8
boundaries,8
awareness,8
penetration,8
non,7
given,7
like,7
Application,7
practices,7
IT,7
defenders,7
our,7
service,7
action,7
complex,7
large,7
priority,7
value,7
focus,7
ability,7
enterprises,7
policy,7
compromise,7
device,7
known,7
develop,7
Even,7
needs,7
update,7
change,7
implement,7
updates,7
day,7
cycle,7
Organizations,7
addresses,7
discovered,7
Such,7
properly,7
programs,7
firewall,7
gaps,7
sometimes,7
Deploy,7
levels,7
overall,7
&,7
Enable,7
while,7
cloud,7
Penetration,7
skills,7
failure,7
members,7
—,6
work,6
build,6
guidance,6
products,6
industry,6
Hardware,6
Configuration,6
Monitoring,6
Controlled,6
Incident,6
best,6
mitigate,6
We,6
way,6
off,6
infrastructure,6
mobile,6
means,6
multiple,6
defensive,6
steps,6
These,6
individuals,6
problems,6
capabilities,6
role,6
follow,6
inside,6
events,6
out,6
either,6
plan,6
implementation,6
example,6
sets,6
carefully,6
topic,6
minimize,6
following,6
elements,6
presence,6
discovery,6
shall,6
backup,6
both,6
associated,6
types,6
block,6
scanners,6
Once,6
physical,6
updated,6
thenetwork,6
execution,6
browser,6
after,6
IDS,6
same,6
report,6
tested,6
local,6
deployment,6
administrator,6
gain,6
factor,6
high,6
open,6
Any,6
regularly,6
policies,6
event,6
clients,6
URL,6
able,6
rule,6
stored,6
key,6
people,6
Training,6
reporting,6
Commercial,5
provided,5
experts,5
name,5
Protocols,5
Tests,5
create,5
come,5
wide,5
point,5
now,5
us,5
complexity,5
solutions,5
;•,5
initial,5
damage,5
already,5
identifying,5
long,5
term,5
protection,5
implemented,5
incidents,5
enable,5
assess,5
impact,5
successful,5
taken,5
NIST,5
actively,5
.•,5
laptops,5
operations,5
database,5
IP,5
Many,5
workstations,5
periodically,5
included,5
port,5
trusted,5
remotely,5
Some,5
pages,5
files,5
media,5
third,5
sites,5
advantage,5
potential,5
flaws,5
complete,5
find,5
tothe,5
shouldbe,5
host,5
detection,5
file,5
patches,5
significant,5
being,5
dedicated,5
various,5
free,5
changes,5
workstation,5
less,5
development,5
exploiting,5
potentially,5
documented,5
DMZ,5
deployed,5
storage,5
technologies,5
attempts,5
Web,5
websites,5
loss,5
exploitation,5
plugins,5
site,5
important,5
Anti,5
search,5
firewalls,5
integrity,5
procedures,5
external,5
proxy,5
house,5
Disable,5
roles,5
Workforce,5
Train,5
_,5
™,4
Public,4
outside,4
purposes,4
.),4
would,4
Ports,4
Email,4
Firewalls,4
Malware,4
Account,4
government,4
theft,4
together,4
drive,4
respond,4
share,4
root,4
adoption,4
working,4
another,4
focused,4
techniques,4
continuous,4
quickly,4
cybersecurity,4
cannot,4
Cyber,4
strong,4
Program,4
A,4
ongoing,4
much,4
automation,4
ideas,4
particular,4
better,4
detailed,4
variety,4
includes,4
Tools,4
Maintain,4
approved,4
located,4
continuously,4
pivot,4
victims,4
environments,4
opportunities,4
planning,4
executing,4
recovery,4
maintain,4
dynamic,4
packets,4
looking,4
ofthe,4
switches,4
wired,4
authorizedsoftware,4
exploited,4
party,4
When,4
proper,4
single,4
purpose,4
install,4
location,4
*.,4
virus,4
suites,4
latest,4
endpoint,4
intrusion,4
IPS,4
function,4
define,4
rules,4
activity,4
requiring,4
,”,4
SCAP,4
Perform,4
back,4
evaluate,4
frequency,4
As,4
patching,4
website,4
computers,4
victim,4
occur,4
An,4
full,4
because,4
documents,4
removed,4
group,4
enforce,4
enforcement,4
excellent,4
ease,4
provides,4
operational,4
accessible,4
standard,4
images,4
templates,4
server,4
analyze,4
know,4
protected,4
evidence,4
SIEM,4
least,4
source,4
review,4
However,4
social,4
engineering,4
Based,4
limit,4
toensure,4
behavior,4
ways,4
phishing,4
protect,4
communications,4
designed,4
happened,4
Test,4
backups,4
Multi,4
encrypted,4
separate,4
exfiltration,4
needed,4
rest,4
job,4
right,4
keys,4
responsibilities,4
Create,4
Awareness,4
Response,4
topics,4
AssetTypeN,4
ASecurityFunctionN,4
acquired,4
handling,4
scenarios,4
link,3
related,3
framework,3
materials,3
prior,3
Center,3
Inc,3
theCIS,3
Controlof,3
Laptops,3
Workstations,3
Limitation,3
Maintenance,3
Routers,3
Management,3
Boundary,3
prioritized,3
sectors,3
evolution,3
And,3
benchmarks,3
frameworks,3
There,3
But,3
oversight,3
evolving,3
think,3
problem,3
keep,3
face,3
get,3
kinds,3
issues,3
insight,3
map,3
compliance,3
assessment,3
just,3
things,3
actual,3
blocking,3
hardening,3
command,3
establishing,3
foundation,3
world,3
computing,3
Establish,3
metrics,3
effectiveness,3
Continuous,3
validate,3
profit,3
mission,3
trust,3
go,3
vetted,3
supported,3
state,3
scale,3
size,3
still,3
adversarial,3
could,3
once,3
essential,3
considered,3
among,3
basic,3
partners,3
closely,3
put,3
gather,3
feedback,3
ensurethat,3
While,3
prioritizing,3
controlsinfo,3
@,3
Information,3
importance,3
(“,3
DHCP,3
automatically,3
onlyauthorized,3
theenterprise,3
might,3
gained,3
connect,3
struggle,3
fast,3
plays,3
requires,3
throughout,3
periodic,3
ping,3
inbound,3
type,3
pull,3
Using,3
virtual,3
accessing,3
private,3
Port,3
manner,3
execute,3
own,3
Without,3
controlled,3
unneeded,3
movement,3
turn,3
blocked,3
scripts,3
widely,3
check,3
hundreds,3
standardized,3
whitelists,3
hash,3
ofa,3
certain,3
window,3
deploy,3
entire,3
elevated,3
usedfor,3
inorder,3
compare,3
definitions,3
classification,3
credentials,3
increase,3
fine,3
weaknesses,3
monitor,3
Because,3
Administrative,3
administrativeprivileges,3
Alert,3
deploying,3
internet,3
channels,3
administrators,3
segmented,3
reading,3
scripting,3
PowerShell,3
lists,3
require,3
built,3
applied,3
strength,3
nist,3
gov,3
Mobile,3
older,3
securityconfiguration,3
monitoring,3
risks,3
minimum,3
agent,3
Analysis,3
records,3
rely,3
poor,3
years,3
proxies,3
far,3
neither,3
human,3
SystemNetwork,3
interaction,3
untrusted,3
domains,3
starting,3
Domain,3
reduce,3
allowing,3
end,3
Only,3
listening,3
organizational,3
infection,3
thebusiness,3
Standard,3
DevicesManage,3
expected,3
duration,3
defined,3
sessions,3
relying,3
errors,3
result,3
necessary,3
sensors,3
collection,3
accessed,3
encrypt,3
segmentation,3
HTTP,3
Sensitive,3
cause,3
USB,3
transmitted,3
sensitivity,3
error,3
legitimate,3
transit,3
algorithms,3
behind,3
DLP,3
securing,3
Encrypt,3
inspect,3
successfully,3
discover,3
making,3
Accounts,3
employees,3
inactivity,3
normal,3
Implement,3
present,3
operation,3
Examples,3
effectively,3
readiness,3
gap,3
behaviors,3
guide,3
%,3
Plans,3
coding,3
input,3
performed,3
production,3
criteria,3
recommend,3
OWASP,3
scope,3
Connected,2
Basic,2
Foundational,2
under,2
Creative,2
Commons,2
No,2
license,2
copy,2
credit,2
distribute,2
Users,2
refer,2
/),2
®,2
talent,2
represent,2
veritable,2
volunteers,2
experience,2
Work,2
Methodology,2
Get,2
Closing,2
Assets,2
Services,2
SecurityAwareness,2
andRed,2
Exercises,2
apply,2
hand,2
education,2
others,2
breaches,2
privacy,2
become,2
cyberspace,2
classes,2
bestpractices,2
checklists,2
ve,2
reports,2
sharing,2
regulatory,2
mandates,2
practitioners,2
Fog,2
More,2
options,2
priorities,2
claims,2
Business,2
dependencies,2
distributed,2
rapidly,2
fundamentals,2
roadmap,2
measure,2
greatest,2
here,2
solve,2
vectors,2
collective,2
aids,2
andimplementation,2
scalable,2
compliant,2
analysts,2
makers,2
solution,2
providers,2
auditors,2
power,2
consulting,2
extensive,2
mostcommon,2
disrupting,2
reducing,2
compromisedmachines,2
maintained,2
tenets,2
inthe,2
practical,2
Include,2
shown,2
stop,2
real,2
Prioritization,2
dangerous,2
actors,2
Metrics,2
executives,2
measures,2
mitigation,2
achieve,2
measurements,2
relatively,2
small,2
broad,2
You,2
executed,2
success,2
done,2
similar,2
recommended,2
adopters,2
complementary,2
previously,2
clear,2
measurement,2
At,2
listen,2
separately,2
prioritization,2
Other,2
ResourcesThe,2
true,2
explosion,2
contact,2
formal,2
.)•,2
tailored,2
white,2
Sub,2
organizationsshould,2
show,2
AssetsSub,2
ActiveDiscovery,2
ToolUse,2
Passive,2
Logging,2
Asset,2
InventoryMaintain,2
identifydevices,2
snetwork,2
passive,2
Host,2
Protocol,2
accurate,2
store,2
owner,2
toconnect,2
AssetsActively,2
unmanaged,2
gaining,2
possibly,2
particularly,2
interested,2
outof,2
Attacks,2
visible,2
demonstration,2
temporary,2
challenge,2
managing,2
changing,2
Managed,2
owners,2
sending,2
packet,2
Before,2
adequate,2
conducting,2
traditional,2
transmission,2
protocol,2
TCP,2
robust,2
identification,2
places,2
chance,2
securely,2
authenticated,2
MAC,2
x,2
currently,2
inventories,2
VPN,2
disconnected,2
Client,2
eitherremoved,2
timely,2
tied,2
connecting,2
SystemAsset,2
LevelAuthentication,2
NLA,2
KeyInfrastructure,2
PKI,2
versions,2
softwarethat,2
via,2
otherwise,2
installing,2
bots,2
likely,2
systemand,2
nothave,2
malicioussoftware,2
ofAuthorized,2
supportedby,2
added,2
throughoutthe,2
atimely,2
whitelisting,2
whitelistingsoftware,2
asystem,2
higher,2
combination,2
popular,2
platform,2
cryptographic,2
executable,2
times,2
Vulnerability,2
opportunity,2
operate,2
attention,2
remediation,2
starts,2
vendors,2
signatures,2
likelihood,2
computer,2
effects,2
ManagementSub,2
PatchManagement,2
frequent,2
thesystem,2
systemsare,2
departments,2
schemes,2
languages,2
Advanced,2
perform,2
achieved,2
however,2
cycles,2
grained,2
introduction,2
conduct,2
month,2
unpatched,2
securitypersonnel,2
was,2
spread,2
opening,2
attachment,2
contains,2
completely,2
sniffers,2
infected,2
password,2
easier,2
DedicatedWorkstations,2
administrativeaccount,2
dedicatedmachine,2
tasks,2
tasksrequiring,2
composing,2
asMicrosoft,2
withthe,2
issue,2
entryand,2
extract,2
individual,2
surfing,2
short,2
administration,2
requirement,2
random,2
resource,2
SystemMulti,2
rigorous,2
delivered,2
manufacturers,2
resellers,2
systemsand,2
geared,2
towards,2
pre,2
exploitable,2
properties,2
avoid,2
Store,2
thatonly,2
Content,2
start,2
developing,2
baseline,2
publicly,2
baselines,2
later,2
establishment,2
forexample,2
image,2
intended,2
employed,2
inspection,2
initiated,2
Audit,2
subsequent,2
Sometimes,2
nonexistent,2
three,2
consistent,2
networking,2
correlation,2
On,2
centralized,2
quite,2
subtle,2
nor,2
Browser,2
direct,2
valuable,2
main,2
targets,2
disable,2
oremail,2
add,2
Enforce,2
filters,2
physically,2
lower,2
Authentication,2
Reporting,2
DMARC,2
verification,2
attachments,2
directly,2
auto,2
employ,2
sure,2
consider,2
spam,2
emails,2
layer,2
jobs,2
rapid,2
updating,2
Malicious,2
moving,2
Modern,2
Enterprise,2
Command,2
softwareto,2
defend,2
Prevention,2
broader,2
alerting,2
Name,2
line,2
Bash,2
deactivated,2
enabled,2
continue,2
methodologies,2
examples,2
poorly,2
attempt,2
attempting,2
RegularAutomated,2
detected,2
Apply,2
front,2
logged,2
determining,2
compared,2
ApplicationFirewall,2
VulnerabilityScanner,2
Recovery,2
proven,2
difficult,2
aspects,2
regularbasis,2
restoration,2
calls,2
equipment,2
functional,2
exceptions,2
left,2
cases,2
AllNetwork,2
Factor,2
NetworkControlDescriptionsMaintain,2
Manage,2
acrossnetwork,2
connections,2
ACLs,2
made,2
flow,2
organized,2
perimeter,2
deeper,2
layered,2
lines,2
blurring,2
bypassing,2
methods,2
theboundary,2
Deny,2
ranges,2
communication,2
ateach,2
record,2
Intrusion,2
unusual,2
decrypting,2
Require,2
login,2
enforced,2
Internal,2
segment,2
sources,2
DeviceManagement,2
resides,2
prevention,2
care,2
mitigating,2
exfiltrate,2
several,2
profile,2
tosensitive,2
DevicesControlDescriptionsMaintain,2
processed,2
transfer,2
Monitor,2
where,2
labels,2
Job,2
turned,2
HostBased,2
DPLCIS,2
Need,2
holding,2
sensitiveinformation,2
aware,2
SP,2
evaluation,2
annual,2
andsystems,2
investment,2
discovering,2
SensitiveInformation,2
VLANs,2
provider,2
Protect,2
theinformation,2
integrated,2
utilizing,2
SystemConfigurationEnforcementSystemNetwork,2
public,2
ControlSub,2
IntrusionDetection,2
Not,2
AES,2
wirelessaccess,2
WIDS,2
restrict,2
peer,2
frequently,2
contract,2
expiration,2
Process,2
Automatically,2
dormant,2
disabled,2
detail,2
character,2
driven,2
describe,2
treatment,2
references,2
marketplace,2
implications,2
artifacts,2
relevant,2
routine,2
archive,2
mistakes,2
improvement,2
responsibility,2
risky,2
publications,2
SystemEducation,2
unexpected,2
ofspecific,2
exploits,2
SQL,2
injection,2
AControlTitleEstablish,2
Production,2
developer,2
internally,2
webapplication,2
externally,2
always,2
efforts,2
creates,2
documentation,2
owasp,2
SAFECODE,2
plans,2
containing,2
recover,2
Periodic,2
decision,2
Devise,2
scoring,2
enterprisesecurity,2
pdfCIS,2
objectives,2
exercises,2
PenetrationTesting,2
penetrationtesting,2
expensive,2
engagement,2
Testing,2
Confidence,1
WorldCIS,1
Organizational,1
March,1
licensed,1
Attribution,1
Non,1
Derivatives,1
International,1
License,1
creativecommons,1
licenses,1
nc,1
nd,1
legalcode,1
further,1
clarify,1
redistribute,1
i,1
ii,1
remix,1
transform,1
upon,1
modified,1
http,1
referring,1
employing,1
subject,1
approval,1
.).,1
AcknowledgmentsCIS,1
thank,1
volunteer,1
effort,1
army,1
generously,1
giving,1
online,1
everyone,1
IntroductionWhy,1
ContributorsHow,1
StartedThis,1
ControlsOther,1
ResourcesStructure,1
DocumentCIS,1
NotesContents,1
forHardware,1
onMobile,1
Servers,1
ProtectionImplement,1
TrainingProgram,1
andAnalysis,1
AuditLogs,1
RecoveryCapabilities,1
AccessBased,1
Needto,1
Know,1
ContinuousVulnerabilityManagement,1
WebBrowser,1
Protections,1
Configurationfor,1
Switches,1
AccessControl,1
Responseand,1
Useof,1
AdministrativePrivileges,1
Defenses,1
DefenseBasic,1
OrganizationalPenetration,1
SoftwareSecurity,1
Monitoringand,1
IntroductionThe,1
collectively,1
form,1
depth,1
setof,1
TheCIS,1
experienceas,1
globally,1
accepted,1
whodevelop,1
range,1
retail,1
manufacturing,1
healthcare,1
fascinating,1
call,1
Massive,1
datalosses,1
intellectual,1
property,1
card,1
identity,1
denial,1
extraordinary,1
array,1
certifications,1
databases,1
catalogs,1
countless,1
andrecommendations,1
seen,1
emergence,1
threatinformation,1
feeds,1
topit,1
surrounded,1
complianceregimes,1
forth,1
shortage,1
tosecurity,1
competing,1
opinions,1
paralyze,1
distract,1
enterprisefrom,1
vital,1
growing,1
expanding,1
arebecoming,1
New,1
brings,1
great,1
benefits,1
locations,1
interconnectedworld,1
standalone,1
So,1
industries,1
partnerships,1
coalitions,1
band,1
establish,1
andan,1
apparently,1
infinite,1
What,1
areas,1
needto,1
step,1
mature,1
managementprogram,1
Rather,1
chase,1
exceptional,1
neglect,1
howcan,1
Which,1
led,1
started,1
grassrootsactivity,1
cut,1
fundamental,1
valuableactions,1
determined,1
plaguing,1
today,1
Led,1
matured,1
international,1
andinstitutions,1
causes,1
andtranslate,1
stories,1
adversaries,1
andcurrent,1
intrusions,1
andbring,1
translations,1
roadmaps,1
buta,1
highly,1
makethem,1
implementable,1
usable,1
securityrequirements,1
ContributorsThe,1
informed,1
reflect,1
combinedknowledge,1
ecosystem,1
companies,1
governments,1
responders,1
technologists,1
finders,1
.);,1
andwithin,1
finance,1
transportation,1
academia,1
banded,1
adopt,1
Top,1
pooledtheir,1
defending,1
actualcyber,1
evolve,1
consensus,1
representing,1
thebest,1
ensures,1
measuresavailable,1
advanced,1
limited,1
ofsystems,1
detecting,1
machinesand,1
preventing,1
defensesidentified,1
deal,1
attacksurface,1
implanted,1
adaptive,1
capabilitythat,1
improved,1
five,1
reflected,1
Offense,1
informs,1
havecompromised,1
continually,1
learnfrom,1
thoseControls,1
Invest,1
riskreduction,1
andthat,1
feasibly,1
Measurements,1
sharedlanguage,1
specialists,1
officials,1
tomeasure,1
sothat,1
adjustments,1
diagnostics,1
Carry,1
continuousmeasurement,1
securitymeasures,1
next,1
Automation,1
Automate,1
reliable,1
adherence,1
Controlsand,1
.(,1
c,1
organizationwhose,1
promote,1
sustain,1
deliverworld,1
class,1
solutionsto,1
tocyber,1
leadcommunities,1
anenvironment,1
additional,1
tohttps,1
How,1
StartedThe,1
securityactions,1
alsochange,1
discussion,1
my,1
ALL,1
doing,1
toimprove,1
fits,1
understandwhat,1
infrastructures,1
mustconsider,1
oroperation,1
willneed,1
firstthings,1
Hygiene,1
tocreate,1
DHSContinuous,1
Diagnostic,1
Mitigation,1
CDM,1
Australian,1
Signals,1
Directorate,1
ASD,1
Essential,1
Eight,1
regarded,1
demonstrably,1
defenseactions,1
corresponds,1
messageof,1
US,1
CERT,1
Computer,1
Emergency,1
Readiness,1
ControlsWith,1
release,1
October,1
tobetter,1
thesecurity,1
supports,1
bothin,1
mentioned,1
tried,1
concise,1
magic,1
bullet,1
definingsecurity,1
straightforward,1
andmanageable,1
asked,1
phasing,1
yourcybersecurity,1
deserves,1
thought,1
had,1
decided,1
near,1
future,1
ll,1
soon,1
surveying,1
CISControls,1
area,1
sendingus,1
joining,1
WorkBench,1
Community,1
workbench,1
communities,1
choose,1
tomigrate,1
creating,1
aboutharnessing,1
securityimprovements,1
acts,1
catalyst,1
clearinghouse,1
learn,1
SinceVersion,1
servicesavailable,1
Please,1
ofworking,1
Mappings,1
RiskManagement,1
Frameworks,1
FISMA,1
ISO,1
Cases,1
Measurement,1
Small,1
Medium,1
Enterprises,1
Pointers,1
papers,1
supportthe,1
Documentation,1
alignment,1
Cybersecurity,1
FrameworkStructure,1
DocumentThe,1
presentation,1
description,1
ThisCIS,1
?),1
ofattacks,1
explanation,1
absence,1
table,1
Sample,1
Diagrams,1
components,1
ofimplementation,1
AssetTypeDevicesDevicesDevicesDevicesDevicesSecurityFunctionIdentifyIdentifyIdentifyIdentifyIdentifyControlTitleUtilize,1
AssetDiscovery,1
toUpdate,1
DetailedAsset,1
AssetInventory,1
InformationControlDescriptionsUtilize,1
assetinventory,1
Dynamic,1
IPaddress,1
dateinventory,1
thepotential,1
hardwareassets,1
inventoryrecords,1
hardwareaddress,1
department,1
whetherthe,1
andprevented,1
anywhere,1
addressspace,1
waiting,1
unprotected,1
attachedto,1
Bring,1
Your,1
Own,1
BYOD,1
synch,1
advantageof,1
evening,1
patchedwith,1
until,1
fromthe,1
huntingfor,1
Additional,1
guest,1
managedcarefully,1
isolated,1
affecting,1
ofenterprise,1
Large,1
understandably,1
intricate,1
patience,1
willingness,1
ToolsThis,1
procedural,1
united,1
forand,1
manages,1
links,1
governance,1
responsiblefor,1
component,1
assetinventories,1
Others,1
modest,1
sweeping,1
andmanage,1
Maintaining,1
view,1
toidentify,1
bandwidth,1
loadhistory,1
capacities,1
send,1
ICMPEcho,1
Request,1
responses,1
Becausesome,1
pings,1
alsoidentify,1
synchronize,1
SYN,1
oracknowledge,1
ACK,1
fingerprinting,1
sweep,1
toolspassively,1
interfaces,1
announce,1
switch,1
span,1
toview,1
flowing,1
maximizing,1
systemscommunicating,1
routersregarding,1
encryptednetwork,1
retrieve,1
informationfrom,1
reconciled,1
confirmed,1
shouldimplement,1
NAC,1
join,1
disappear,1
makingthe,1
Likewise,1
bedifficult,1
shut,1
down,1
paused,1
remotemachines,1
appearon,1
Whether,1
eachmachine,1
AssetTypeDevicesDevicesDevicesSecurityFunctionRespondProtectProtectControlTitleAddress,1
UnauthorizedAssetsDeploy,1
LevelAccess,1
ControlUtilize,1
Certificatesto,1
Authenticate,1
HardwareAssetsControlDescriptionsEnsure,1
quarantined,1
orthe,1
devicescan,1
authenticate,1
Theauthentication,1
thehardware,1
ensureonly,1
certificates,1
authenticatehardware,1
InventoryDatabaseNetwork,1
DeviceDiscoveryActive,1
DeviceDiscoveryComputingSystems,1
foundand,1
prevented,1
hostile,1
trustworthy,1
unsuspecting,1
sideprogram,1
backdoor,1
thatgive,1
sophisticated,1
zero,1
dayexploits,1
unknown,1
yetbeen,1
released,1
softwaredeployed,1
Poorly,1
forbusiness,1
introducing,1
introduced,1
anattacker,1
attackersoften,1
staging,1
collecting,1
alaunching,1
partnering,1
unable,1
systembackup,1
AssetTypeApplicationsApplicationsApplicationsApplicationsApplicationsApplicationsApplicationsApplicationsApplicationsApplicationsSecurityFunctionIdentifyIdentifyIdentifyIdentifyIdentifyRespondProtectProtectProtectProtectControlTitleMaintain,1
SoftwareEnsure,1
isSupported,1
VendorUtilize,1
SoftwareInventory,1
ToolsTrack,1
InventoryInformationIntegrate,1
andHardware,1
InventoriesAddress,1
UnapprovedSoftwareUtilize,1
ApplicationWhitelistingImplement,1
ApplicationWhitelisting,1
LibrariesImplement,1
Whitelisting,1
ScriptsPhysically,1
LogicallySegregate,1
High,1
RiskApplicationsControlDescriptionsMaintain,1
forany,1
oroperating,1
softwareinventory,1
Unsupported,1
tagged,1
unsupported,1
inventorysystem,1
automate,1
thedocumentation,1
businesssystems,1
trackthe,1
publisher,1
datefor,1
systemsauthorized,1
betied,1
alldevices,1
trackedfrom,1
technologyon,1
executes,1
unauthorizedsoftware,1
libraries,1
dll,1
ocx,1
load,1
systemprocess,1
digitally,1
signed,1
ps,1
,*.,1
py,1
macros,1
Physically,1
logically,1
segregated,1
systemsshould,1
isolate,1
butincur,1
ToolsWhitelisting,1
policiesor,1
enterprisestoday,1
applicationsused,1
pulling,1
leveraging,1
names,1
enumeration,1
specification,1
Features,1
modern,1
Moreover,1
increasingly,1
bundling,1
spyware,1
personal,1
preventionsystems,1
along,1
black,1
listing,1
endpointsecurity,1
theprotected,1
offer,1
custom,1
executablepath,1
expression,1
matching,1
gray,1
allowsadministrators,1
atcertain,1
InventoryDatabaseSoftwareWhitelistingSoftwareInventoryToolNetworkAccessControlsComputingSystemsV,1
ManagementContinuously,1
acquire,1
identifyvulnerabilities,1
remediate,1
constant,1
stream,1
advisories,1
bulletins,1
Understanding,1
hasbecome,1
theappearance,1
researchers,1
newvulnerabilities,1
race,1
parties,1
weaponize,1
anattack,1
regression,1
proactively,1
asignificant,1
having,1
Defenders,1
particularchallenges,1
scaling,1
withconflicting,1
uncertain,1
side,1
AssetTypeApplicationsApplicationsUsersApplicationsApplicationsApplicationsApplicationsSecurityFunctionDetectDetectProtectProtectProtectRespondRespondControlTitleRun,1
AutomatedVulnerability,1
ScanningToolsPerform,1
AuthenticatedVulnerability,1
ScanningProtect,1
DedicatedAssessment,1
AccountsDeploy,1
AutomatedOperating,1
ToolsDeploy,1
AutomatedSoftware,1
ToolsCompare,1
Back,1
backVulnerability,1
ScansUtilize,1
Risk,1
ratingProcessControlDescriptionsUtilize,1
compliantvulnerability,1
automaticallyscan,1
aweekly,1
identifyall,1
vulnerabilityscanning,1
agents,1
locally,1
oneach,1
thatare,1
rights,1
authenticatedvulnerability,1
andshould,1
specificIP,1
recent,1
updatesprovided,1
toolsin,1
softwareon,1
recentsecurity,1
softwarevendor,1
Regularly,1
backto,1
thatvulnerabilities,1
remediated,1
rating,1
prioritize,1
theremediation,1
ToolsA,1
configurationof,1
managedscanning,1
appliances,1
standardize,1
discoveredvulnerabilities,1
ispreferable,1
tovulnerabilities,1
categorized,1
recognizedvulnerability,1
CVE,1
CCE,1
OVAL,1
CPE,1
CVSS,1
XCCDF,1
toscanned,1
withoutlogin,1
diversityof,1
increases,1
varying,1
misconfigurations,1
configurationsof,1
intounauthorized,1
inadvertent,1
byadministrators,1
Effective,1
ticketing,1
thatautomatically,1
progress,1
fixing,1
makes,1
unmitigatedcritical,1
solved,1
withprevious,1
changed,1
trending,1
amount,1
elapses,1
publicrelease,1
occurrence,1
windowexceeds,1
criticality,1
note,1
delay,1
deviation,1
formally,1
documentedfor,1
improvethe,1
due,1
anerror,1
checks,1
reconcile,1
systempatches,1
announced,1
SystemPatchManagementSCAPVulnerabilityScannerComputingSystemsV,1
PrivilegesThe,1
assignment,1
andconfiguration,1
misuse,1
primary,1
method,1
targetenterprise,1
Two,1
uncontrolled,1
privileged,1
fooled,1
amalicious,1
downloading,1
simplysurfing,1
hosting,1
Thefile,1
runs,1
automaticallyor,1
tricking,1
hasadministrative,1
installkeystroke,1
loggers,1
andother,1
Similar,1
inadvertently,1
opens,1
anemail,1
obtain,1
second,1
technique,1
elevation,1
guessing,1
crackinga,1
loosely,1
identical,1
criticalsystems,1
aremany,1
act,1
avenues,1
PrivilegesSub,1
AssetTypeUsersUsersUsersUsersUsersUsersUsersUsersUsersSecurityFunctionDetectProtectProtectProtectProtectProtectProtectDetectDetectControlTitleMaintain,1
ofAdministrative,1
AccountsChange,1
DefaultPasswordsEnsure,1
DedicatedAdministrative,1
AccountsUse,1
Unique,1
PasswordsUse,1
MultifactorAuthentication,1
AllAdministrative,1
AccessUse,1
AllAdministrativeLimit,1
toScripting,1
ToolsLog,1
Changesto,1
GroupMembershipLog,1
onUnsuccessful,1
AdministrativeAccount,1
LoginControlDescriptionsUse,1
alladministrative,1
domainand,1
elevatedprivileges,1
alldefault,1
values,1
consistentwith,1
secondaryaccount,1
accountshould,1
administrativeactivities,1
browsing,1
Where,1
notsupported,1
usepasswords,1
unique,1
andencrypted,1
machinewill,1
sprimary,1
allowedInternet,1
orbrowsing,1
Limit,1
Python,1
onlyadministrative,1
toor,1
assignedadministrative,1
unsuccessful,1
logins,1
anadministrative,1
ToolsBuilt,1
super,1
bothlocally,1
domain,1
controllers,1
highprivilegedaccounts,1
whetherany,1
readers,1
gatheringcan,1
scripted,1
shell,1
searching,1
dozen,1
emailreaders,1
editing,1
Somelegitimate,1
theshort,1
couldindicate,1
adhering,1
minimumpassword,1
length,1
choosing,1
enforcepassword,1
string,1
pseudo,1
characters,1
inoperating,1
Password,1
context,1
Digital,1
Identity,1
Guidelines,1
FactorAuthenticationWorkforceMembersPrivileged,1
AccountManagement,1
SystemComputingSystemsSoftwareWhitelistingDedicatedAdministrativeSystems,1
Softwareon,1
ServersEstablish,1
ofmobile,1
andchange,1
servicesand,1
normally,1
notsecurity,1
Developing,1
task,1
beyond,1
theability,1
thousands,1
choices,1
section,1
page,1
forsecure,1
becontinually,1
decay,1
patched,1
securityvulnerabilities,1
reported,1
tweaked,1
newsoftware,1
toexploit,1
andSoftware,1
ServersSub,1
AssetTypeApplicationsApplicationsApplicationsApplicationsApplicationsSecurityFunctionProtectProtectProtectProtectDetectControlTitleEstablish,1
SecureConfigurationsMaintain,1
ImagesSecurely,1
MasterImagesDeploy,1
SystemConfigurationManagement,1
ToolsImplement,1
AutomatedConfiguration,1
MonitoringSystemsControlDescriptionsMaintain,1
authorizedoperating,1
forall,1
configurationstandards,1
orexisting,1
becomes,1
compromisedshould,1
imaged,1
imagesor,1
master,1
onsecurely,1
validated,1
withintegrity,1
arepossible,1
managementtools,1
andredeploy,1
systemsat,1
scheduled,1
intervals,1
AutomationProtocol,1
configurationmonitoring,1
catalog,1
approvedexceptions,1
unauthorizedchanges,1
ToolsRather,1
scratch,1
guides,1
Excellent,1
Benchmarks,1
)•,1
National,1
Checklist,1
nvd,1
ncp,1
repository,1
augment,1
adjust,1
satisfy,1
deviations,1
rationale,1
facilitate,1
reviews,1
audits,1
issometimes,1
deemed,1
unacceptable,1
supportdifferent,1
neededfunctionality,1
versus,1
emailor,1
variations,1
keptto,1
butorganizations,1
prepared,1
measurethe,1
deviationsfrom,1
Typical,1
somecombination,1
agentless,1
systemsby,1
hybrid,1
whereby,1
session,1
ordynamic,1
SystemSystem,1
Images,1
BaselinesConfigurationEnforcementSystemComputingSystemsSCAP,1
ConfigurationScanner,1
LogsCollect,1
recoverfrom,1
Deficiencies,1
hide,1
beencompromised,1
blind,1
details,1
solid,1
attackmay,1
unnoticed,1
indefinitely,1
damages,1
irreversible,1
keepaudit,1
fact,1
organizationsrarely,1
victimmachines,1
months,1
anyone,1
knowing,1
thoughthe,1
recorded,1
unexamined,1
LogsSub,1
AssetTypeNetworkNetworkNetworkNetworkNetworkNetworkNetworkNetworkSecurityFunctionDetectDetectDetectDetectDetectDetectDetectDetectControlTitleUtilize,1
Three,1
SynchronizedTime,1
SourcesActivate,1
AuditLoggingEnable,1
DetailedLoggingEnsure,1
AdequateStorage,1
LogsCentral,1
LogManagementDeploy,1
LogAnalytic,1
ToolsRegularly,1
Review,1
LogsRegularly,1
Tune,1
SIEMControlDescriptionsUse,1
synchronized,1
sourcesfrom,1
devicesretrieve,1
basisso,1
timestamps,1
enabledon,1
detailedinformation,1
timestamp,1
destination,1
usefulelements,1
logshave,1
space,1
logsgenerated,1
beingaggregated,1
central,1
managementsystem,1
EventManagement,1
analytic,1
forlog,1
identifyanomalies,1
abnormal,1
tune,1
systemto,1
actionable,1
anddecrease,1
noise,1
ToolsMost,1
offerlogging,1
activated,1
sent,1
loggingservers,1
dial,1
configuredfor,1
verbose,1
storing,1
upinvestigation,1
Furthermore,1
especially,1
withoutthe,1
shouldperiodically,1
assembled,1
partof,1
item,1
isperiodically,1
generating,1
Analytical,1
reviewing,1
thecapabilities,1
importantly,1
justa,1
cursory,1
examination,1
person,1
Actual,1
usefulfor,1
manual,1
helpful,1
panacea,1
replacement,1
skilled,1
expertiseand,1
intuition,1
TimeProtocol,1
NTP,1
SystemComputingSystems,1
ProtectionsMinimize,1
surface,1
manipulate,1
behaviorthough,1
entry,1
theirtechnical,1
flexibility,1
crafted,1
entice,1
spoof,1
taking,1
greatlyincrease,1
Since,1
interact,1
ProtectionsSub,1
AssetTypeApplicationsApplicationsApplicationsNetworkNetworkNetworkNetworkNetworkNetworkNetworkSecurityFunctionProtectProtectProtectProtectProtectDetectProtectProtectProtectProtectControlTitleEnsure,1
OnlyFully,1
SupportedBrowsers,1
EmailClientsDisable,1
Unnecessary,1
orUnauthorized,1
Browseror,1
PluginsLimit,1
ScriptingLanguages,1
WebBrowsers,1
EmailClientsMaintain,1
EnforceNetwork,1
URLFiltersSubscribe,1
toURL,1
CategorizationServiceLog,1
RequestsUse,1
FilteringServicesImplement,1
DMARCand,1
Receiver,1
Side,1
VerificationBlock,1
UnnecessaryFile,1
TypesSandbox,1
EmailAttachmentsControlDescriptionsEnsure,1
fully,1
browsersand,1
ideally,1
versionof,1
thevendor,1
Uninstall,1
areable,1
approvedby,1
enforcedfor,1
theyare,1
facilities,1
Subscribe,1
categorization,1
mostrecent,1
category,1
Uncategorized,1
Log,1
requests,1
ssystems,1
andassist,1
handlers,1
potentiallycompromised,1
toknown,1
spoofed,1
modifiedemails,1
valid,1
DomainbasedMessage,1
andConformance,1
implementing,1
Sender,1
PolicyFramework,1
SPF,1
Keys,1
IdentifiedMail,1
DKIM,1
Block,1
entering,1
gateway,1
areunnecessary,1
sandboxing,1
emailattachments,1
ToolsWeb,1
BrowserCybercriminals,1
exploitsof,1
craft,1
vulnerabilitieswhen,1
browsed,1
Alternatively,1
arenot,1
try,1
allowthem,1
hook,1
OS,1
otherapplication,1
whatneeds,1
probability,1
unintentially,1
malwarethat,1
hiding,1
ons,1
Simple,1
browsercan,1
harder,1
addons,1
Most,1
againstthe,1
Make,1
filtersand,1
popup,1
blockers,1
Popups,1
annoying,1
embeddedmalware,1
lure,1
clicking,1
something,1
tricks,1
helpenforce,1
subscribing,1
servicesto,1
EmailEmail,1
represents,1
interactive,1
humans,1
encouraging,1
theright,1
reduces,1
Initiating,1
Doman,1
Message,1
Conformance,1
helps,1
Installing,1
emailand,1
adds,1
networked,1
toblocking,1
sender,1
worthwhile,1
usersneed,1
interfacing,1
units,1
tounderstand,1
receive,1
interruptionto,1
SystemConfigurationEnforcementSystemComputingSystemsSoftwareWhitelistingNetwork,1
FiltersAnti,1
SpamGatewayV,1
DefensesControl,1
optimizing,1
datagathering,1
corrective,1
integral,1
aspect,1
toattack,1
enters,1
throughany,1
useractions,1
removable,1
ordisable,1
scaleautomation,1
integration,1
mustalso,1
controlthe,1
administrativefeatures,1
DefensesSub,1
AssetTypeDevicesDevicesDevicesDevicesDevicesDevicesNetworkDevicesSecurityFunctionProtectProtectDetectDetectProtectDetectDetectDetectControlTitleUtilize,1
CentrallyManaged,1
MalwareSoftwareEnsure,1
MalwareSoftware,1
Signaturesare,1
UpdatedEnable,1
OperatingSystem,1
ExploitationFeatures,1
DeployAnti,1
ExploitTechnologiesConfigure,1
MalwareScanning,1
RemovableDevicesConfigure,1
toNot,1
Auto,1
Run,1
ContentCentralize,1
MalwareLoggingEnable,1
QueryLoggingEnable,1
LineAudit,1
LoggingControlDescriptionsUtilize,1
centrally,1
malwaresoftware,1
engine,1
andsignature,1
DataExecution,1
DEP,1
Address,1
SpaceLayout,1
Randomization,1
ASLR,1
availablein,1
appropriatetoolkits,1
applyprotection,1
andexecutables,1
automaticallyconduct,1
removablemedia,1
inserted,1
fromremovable,1
Send,1
enterpriseanti,1
logservers,1
query,1
loggingto,1
hostname,1
lookups,1
maliciousdomains,1
commandshells,1
Microsoft,1
ToolsTo,1
builtinadministrative,1
antispyware,1
automatedassessments,1
daily,1
suchprotections,1
Being,1
big,1
oncollecting,1
ensuring,1
live,1
land,1
beingcaught,1
Enabling,1
significantly,1
eventsand,1
SystemConfigurationEnforcementSystemComputingSystemsEnd,1
PointProtectionNetwork,1
FiltersV,1
ServicesManage,1
onnetworked,1
windows,1
Common,1
mail,1
print,1
packages,1
automaticallyinstall,1
package,1
withoutinforming,1
suchservices,1
IDs,1
andpasswords,1
ServicesSub,1
AssetTypeDevicesDevicesDevicesDevicesDevicesSecurityFunctionIdentifyProtectDetectProtectProtectControlTitleAssociate,1
Active,1
toAsset,1
InventoryEnsure,1
ApprovedPorts,1
andServices,1
Are,1
RunningPerform,1
ScansApply,1
BasedFirewalls,1
FilteringImplement,1
ApplicationFirewallsControlDescriptionsAssociate,1
andservices,1
validatedbusiness,1
basisagainst,1
portsare,1
toolson,1
deny,1
thatdrops,1
except,1
portsthat,1
explicitly,1
Place,1
criticalservers,1
going,1
beblocked,1
ToolsPort,1
rangeof,1
canbe,1
discoveredport,1
requiredby,1
Recentlyadded,1
offeredby,1
scanned,1
since,1
previous,1
helping,1
identifydifferences,1
SystemHost,1
SystemsComputingSystemsSCAP,1
CapabilitiesThe,1
methodologyfor,1
configurationsand,1
alterations,1
jeopardizing,1
polluted,1
Whenthe,1
extremely,1
trustworthydata,1
capability,1
remove,1
CapabilitiesSub,1
AssetTypeDataDataDataDataDataSecurityFunctionProtectProtectProtectProtectProtectControlTitleEnsure,1
BackupsPerform,1
CompleteSystem,1
BackupsTest,1
BackupMediaProtect,1
BackupsEnsure,1
BackupsHave,1
OneNon,1
ContinuouslyAddressable,1
DestinationControlDescriptionsEnsure,1
automaticallybacked,1
backed,1
throughprocesses,1
imaging,1
quickrecovery,1
performing,1
viaphysical,1
arestored,1
moved,1
cloudservices,1
backupdestination,1
addressablethrough,1
ToolsOnce,1
per,1
quarter,1
whenever,1
purchased,1
shouldevaluate,1
sample,1
restore,1
bedenvironment,1
restored,1
verified,1
intact,1
thatis,1
believed,1
predate,1
original,1
SystemData,1
BackupSystemComputingSystemsOffsite,1
OnlineBackup,1
SwitchesEstablish,1
ofnetwork,1
controlprocess,1
networkinfrastructure,1
Openservices,1
theirdefault,1
onetimeevent,1
involves,1
re,1
evaluating,1
itemsbut,1
flows,1
becoming,1
lesssecurely,1
demand,1
Sometimesthe,1
undone,1
longer,1
applicable,1
exception,1
analyzed,1
normeasured,1
forvulnerable,1
inconsistencies,1
routers,1
switchesand,1
holes,1
penetrate,1
tonetworks,1
redirect,1
intercept,1
Throughsuch,1
gains,1
alters,1
evenuses,1
pose,1
SwitchesSub,1
AssetTypeNetworkNetworkNetworkNetworkNetworkNetworkNetworkSecurityFunctionIdentifyIdentifyDetectProtectProtectProtectProtectControlTitleMaintain,1
StandardSecurity,1
Configurationsfor,1
DevicesDocument,1
TrafficConfiguration,1
RulesUse,1
Automated,1
toVerify,1
DeviceConfigurations,1
andDetect,1
ChangesInstall,1
Latest,1
StableVersion,1
Related,1
Updates,1
NetworkDevices,1
Authenticationand,1
Encrypted,1
SessionsUse,1
AdministrativeTasksManage,1
NetworkInfrastructure,1
Througha,1
Dedicated,1
authorizednetwork,1
flowthrough,1
documentedin,1
aspecific,1
reason,1
specificindividual,1
responsible,1
businessneed,1
Compare,1
againstapproved,1
foreach,1
anydeviations,1
Install,1
stable,1
securityrelatedupdates,1
factorauthentication,1
engineers,1
shallbe,1
primarynetwork,1
separated,1
separateVLANs,1
preferably,1
entirely,1
differentphysical,1
connectivity,1
fornetwork,1
ToolsSome,1
devicesto,1
conflict,1
providing,1
sanity,1
checkof,1
allowunintended,1
changesare,1
router,1
DeviceManagementSystemNetworkDevicesMulti,1
FactorAuthenticationDedicatedAdministrationSystems,1
DefenseDetect,1
transferring,1
witha,1
damaging,1
reach,1
onlyDMZ,1
laptop,1
Internetthrough,1
Threats,1
crime,1
groups,1
nation,1
states,1
useconfiguration,1
architectural,1
andInternet,1
Then,1
base,1
ofoperations,1
stealor,1
persistent,1
hosts,1
partner,1
referred,1
asextranets,1
hop,1
vulnerablesystems,1
extranet,1
perimeters,1
borders,1
police,1
attacksand,1
onfirewalls,1
tofilter,1
outbound,1
noted,1
diminishingas,1
increased,1
interconnectivity,1
rapidrise,1
togain,1
blurringof,1
deployments,1
despite,1
ofperimeter,1
tofocus,1
devised,1
bypass,1
restrictions,1
DefenseSub,1
AssetTypeNetworkNetworkNetworkNetworkNetworkNetworkNetworkNetworkUsersDevicesUsersDevicesSecurityFunctionProtectProtectDetectDetectProtectDetectDetectDetectProtectProtectProtectProtectControlTitleMaintain,1
ofNetwork,1
BoundariesScan,1
UnauthorizedConnections,1
acrossTrusted,1
NetworkBoundariesDeny,1
Communicationswith,1
Known,1
IPAddressesDeny,1
Communicationover,1
Unauthorized,1
PortsConfigure,1
MonitoringSystems,1
RecordNetwork,1
PacketsDeploy,1
BasedIDS,1
SensorsDeploy,1
BasedIntrusion,1
PreventionSystemsDeploy,1
NetFlowCollection,1
onNetworking,1
BoundaryDevicesDeploy,1
LayerFiltering,1
Proxy,1
Serve,1
rDecrypt,1
Trafficat,1
ProxyRequire,1
RemoteLogins,1
AuthenticationManage,1
DevicesRemotely,1
intoInternal,1
trustednetwork,1
unauthorizedconnections,1
orunused,1
onlyto,1
eachof,1
orUDP,1
crossthe,1
networkpackets,1
passing,1
DetectionSystems,1
attackmechanisms,1
thesesystems,1
networkboundaries,1
PreventionSystems,1
NetFlow,1
dataon,1
theInternet,1
passes,1
authenticatedapplication,1
filterunauthorized,1
Decrypt,1
analyzing,1
ofallowed,1
theproxy,1
transitand,1
Scan,1
intothe,1
ssecurity,1
samemanner,1
ToolsThe,1
additionalrecommendations,1
improving,1
architecture,1
ofboth,1
centralto,1
intruders,1
mostsensitive,1
Usually,1
aninternal,1
Setting,1
andprotecting,1
greatly,1
intruder,1
theother,1
parts,1
One,1
element,1
sniffersto,1
directed,1
demilitarized,1
zone,1
internalsystems,1
originating,1
Securitypersonnel,1
launching,1
againstthem,1
scanner,1
triggers,1
captured,1
theIDS,1
reviewed,1
script,1
volumesare,1
parameters,1
formatted,1
beencorrupted,1
DMZs,1
Hypertext,1
Transfer,1
bypasses,1
By,1
sampling,1
hourperiod,1
week,1
neithersourced,1
destined,1
implying,1
beingbypassed,1
MonitoringSystem,1
NetworkDevicesMulti,1
FactorAuthenticationConfigurationEnforcementSystemDedicatedAdministrationSystemsNetwork,1
ProtectionThe,1
exfiltrated,1
Protection,1
applicationof,1
Asorganizations,1
move,1
importantthat,1
effectsof,1
criticalassets,1
manyenvironments,1
mayalso,1
SCADA,1
penetrated,1
easily,1
importantinformation,1
disrupt,1
little,1
resistance,1
past,1
two,1
corporate,1
controlover,1
ProtectionSub,1
AssetTypeDataDataDataDataDataDataDataDataDataSecurityFunctionIdentifyProtectDetectProtectDetectProtectProtectProtectProtectControlTitleMaintain,1
ofSensitive,1
InformationRemove,1
SensitiveData,1
Systems,1
NotRegularly,1
Accessed,1
byOrganizationMonitor,1
BlockUnauthorized,1
NetworkTrafficOnly,1
Allow,1
Accessto,1
Authorized,1
CloudStorage,1
EmailProvidersMonitor,1
Detect,1
AnyUnauthorized,1
ofEncryptionEncrypt,1
Hard,1
Drive,1
ofAll,1
sExternal,1
RemovableMedia,1
Read,1
WriteConfigurationsEncrypt,1
USBStor,1
age,1
informationstored,1
includingthose,1
serviceprovider,1
Remove,1
regularlyaccessed,1
stand,1
alonesystems,1
unit,1
needing,1
occasionally,1
virtualized,1
powered,1
offuntil,1
perimetersthat,1
monitors,1
ofsensitive,1
blocks,1
transferswhile,1
professionals,1
leaving,1
anddetect,1
whole,1
disk,1
hard,1
enterprisesoftware,1
configuresystems,1
Aninventory,1
write,1
externalremovable,1
forsupporting,1
storedon,1
ToolsIt,1
derive,1
listof,1
beused,1
scheme,1
shoulddefine,1
Confidential,1
classify,1
dataaccording,1
furthersubdivided,1
mapping,1
thatidentifies,1
thenneeds,1
andsegmented,1
toeach,1
requirementsshould,1
created,1
toin,1
datasegments,1
Detailed,1
onfor,1
examine,1
whichdata,1
improperly,1
SystemEndpointProtectionSystemNetwork,1
AccessContolsData,1
ClassificationComputingSystemsV,1
KnowThe,1
according,1
determination,1
persons,1
anapproved,1
Encrypting,1
assurance,1
impractical,1
toaccess,1
plaintext,1
placeto,1
occurred,1
involved,1
Yet,1
leavingtheir,1
outflows,1
electronically,1
scrutinized,1
minimizeits,1
exposure,1
serious,1
businessoperations,1
national,1
leaked,1
lost,1
aresult,1
espionage,1
vast,1
majority,1
understooddata,1
lack,1
architectures,1
asa,1
Discovery,1
during,1
litigation,1
recordsretention,1
ineffective,1
datacompromise,1
technologiesassociated,1
ofcryptographic,1
generation,1
destruction,1
asNIST,1
Care,1
wellknown,1
Re,1
thealgorithms,1
sizes,1
falling,1
theirdata,1
securitycontrols,1
tenant,1
course,1
ofaction,1
bestored,1
containers,1
Modules,1
HSMs,1
refers,1
covering,1
motion,1
deep,1
inspectionand,1
Over,1
last,1
anoticeable,1
shift,1
systemswithin,1
itself,1
includeclassifying,1
enforcing,1
andreporting,1
auditing,1
KnowSub,1
AssetTypeNetworkNetworkNetworkDataDataDataDataDataDataSecurityFunctionProtectProtectProtectProtectDetectProtectProtectProtectDetectControlTitleSegment,1
NetworkBased,1
SensitivityEnable,1
Firewall,1
FilteringBetween,1
VLANsDisable,1
Workstationto,1
WorkstationCommunicationEncrypt,1
TransitUtilize,1
Tool,1
toIdentify,1
DataProtect,1
Informationthrough,1
ControlListsEnforce,1
Controlto,1
throughAutomated,1
ToolsEncrypt,1
RestEnforce,1
Detail,1
Loggingfor,1
Changes,1
toSensitive,1
DataControlDescriptionsSegment,1
label,1
orclassification,1
onthe,1
locate,1
onseparated,1
Virtual,1
Local,1
Area,1
Networks,1
tocommunicate,1
tofulfill,1
workstationcommunication,1
tomove,1
laterally,1
neighboringsystems,1
PrivateVLANs,1
micro,1
allsensitive,1
ortransmitted,1
technologysystems,1
orat,1
withfile,1
Thesecontrols,1
principle,1
DataLoss,1
dataeven,1
copied,1
atool,1
secondary,1
authenticationmechanism,1
operatingsystem,1
File,1
Integrity,1
Monitoringor,1
Event,1
ToolsCommercial,1
keymanagement,1
ofencryption,1
Definition,1
managementshould,1
undertaken,1
othersuspicious,1
anydiscovered,1
transmit,1
informationout,1
authorization,1
AccessControlsData,1
ClassificationComputingSystems,1
ControlThe,1
localarea,1
WLANs,1
Major,1
thefts,1
toorganizations,1
building,1
perimetersby,1
wirelessly,1
accompanyingtravelers,1
wirelessnetworks,1
airports,1
cafes,1
doors,1
whenthey,1
reconnected,1
reportedthe,1
planted,1
sometimeshidden,1
unrestricted,1
physicalconnections,1
convenient,1
vector,1
accessinto,1
AssetTypeNetworkNetworkNetworkDevicesDevicesDevicesNetworkNetworkDevicesNetworkSecurityFunctionIdentifyDetectDetectProtectProtectProtectProtectProtectProtectProtectControlTitleMaintain,1
AccessPointsDetect,1
AccessPoints,1
theWired,1
NetworkUse,1
SystemDisable,1
onDevices,1
RequiredLimit,1
onClient,1
DevicesDisable,1
Peer,1
PeerWireless,1
NetworkCapabilities,1
WirelessClientsLeverage,1
AdvancedEncryption,1
toEncrypt,1
DataUse,1
Authenticatio,1
nProtocols,1
RequireMutual,1
FactorAuthenticationDisable,1
PeripheralAccess,1
DevicesCreate,1
Separate,1
WirelessNetwork,1
Personal,1
andUntrusted,1
todetect,1
accesspoints,1
thatdo,1
toallow,1
networksand,1
ad,1
hoc,1
networkcapabilities,1
Leverage,1
Encryption,1
authenticationprotocols,1
Extensible,1
AuthenticationProtocol,1
Transport,1
Layer,1
EAP,1
TLS,1
thatrequires,1
mutual,1
peripheral,1
Bluetooth,1
NFC,1
unless,1
accessis,1
personalor,1
thisnetwork,1
treated,1
andfiltered,1
audited,1
accordingly,1
ToolsEffective,1
ascommercial,1
capture,1
bordersof,1
facility,1
trafficwas,1
weaker,1
Whendevices,1
weak,1
withinthe,1
reconfigured,1
denied,1
networkto,1
SystemComputingSystemsNetwork,1
NetworkDevicesWireless,1
ControlActively,1
creation,1
dormancy,1
deletion,1
leverage,1
inactive,1
impersonatelegitimate,1
thereby,1
personnelwatchers,1
contractors,1
terminated,1
accountsformerly,1
deleted,1
afterwards,1
misusedin,1
insiders,1
former,1
toaccounts,1
maintaining,1
anorganization,1
maliciouspurposes,1
AssetTypeUsersUsersUsersUsersUsersUsersUsersUsersUsersUsersUsersUsersUsersSecurityFunctionIdentifyProtectProtectProtectProtectIdentifyProtectRespondRespondProtectProtectDetectDetectControlTitleMaintain,1
ofAuthentication,1
SystemsConfigure,1
Centralized,1
Pointof,1
AuthenticationRequire,1
FactorAuthenticationEncrypt,1
Hash,1
allAuthentication,1
CredentialsEncrypt,1
Transmittalof,1
Username,1
andAuthentication,1
CredentialsMaintain,1
ofAccountsEstablish,1
forRevoking,1
AccessDisable,1
UnassociatedAccountsDisable,1
Dormant,1
AccountsEnsure,1
HaveAn,1
Expiration,1
DateLock,1
Workstation,1
SessionsAfter,1
InactivityMonitor,1
Attempts,1
AccessDeactivated,1
AccountsAlert,1
LoginBehavior,1
DeviationControlDescriptionsMaintain,1
sauthentication,1
siteor,1
fewcentralized,1
thirdpartyprovider,1
salt,1
credentialswhen,1
usernames,1
authenticationcredentials,1
usingencrypted,1
byauthentication,1
revokingsystem,1
disabling,1
immediately,1
upontermination,1
employeeor,1
contractor,1
Disabling,1
instead,1
ofdeleting,1
allows,1
preservation,1
trails,1
abusiness,1
setperiod,1
ismonitored,1
lock,1
standardperiod,1
accountsthrough,1
deviate,1
ToolsAlthough,1
accountusage,1
presentand,1
configure,1
accountaccess,1
home,1
grown,1
informationand,1
tracked,1
andeventually,1
traced,1
usersof,1
utilize,1
period,1
possibility,1
theirsystem,1
FactorAuthenticationWorkforceMembersIdentity,1
AccessManagement,1
SystemComputingSystemsConfigurationEnforcementSystem,1
Special,1
Notation,1
Regarding,1
ExercisesAll,1
foundational,1
butthey,1
technicalelements,1
peopleand,1
pervasive,1
entireenterprise,1
Their,1
ofsuccess,1
observations,1
outcomes,1
bytechnical,1
gathering,1
anexisting,1
body,1
literature,1
Therefore,1
follows,1
asmall,1
believe,1
eacharea,1
morecomprehensive,1
Although,1
excellentcommercial,1
wherepossible,1
expressed,1
wellsupported,1
.→,1
ProgramFor,1
andits,1
abilities,1
remediatethrough,1
tempting,1
primarily,1
ofpeople,1
play,1
People,1
fulfill,1
importantfunctions,1
stage,1
design,1
developers,1
programmers,1
theopportunity,1
resolve,1
early,1
operationsprofessionals,1
recognize,1
susceptible,1
whostruggle,1
quantify,1
andhave,1
reasonable,1
decisions,1
conscious,1
exploitations,1
crafting,1
messages,1
anunwary,1
seams,1
haveno,1
usingnominally,1
jump,1
thisfundamental,1
Conversely,1
empowering,1
habits,1
cansignificantly,1
ProgramSub,1
AControlTitlePerform,1
SkillsGap,1
AnalysisDeliver,1
toFill,1
Skills,1
GapImplement,1
ProgramUpdate,1
AwarenessContent,1
FrequentlyTrain,1
onSecure,1
AuthenticationTrain,1
onIdentifying,1
SocialEngineering,1
AttacksTrain,1
onSensitive,1
HandlingTrain,1
onCauses,1
UnintentionalData,1
ExposureTrain,1
Memberson,1
Identifying,1
andReporting,1
IncidentsControlDescriptionsPerform,1
theskills,1
notadhering,1
abaseline,1
Deliver,1
identifiedto,1
positively,1
securitybehavior,1
allworkforce,1
exhibitthe,1
helpensure,1
Theorganization,1
communicated,1
engagingmanner,1
awarenessprogram,1
annually,1
standardsand,1
ofenabling,1
differentforms,1
asphishing,1
phone,1
scams,1
impersonation,1
properlystore,1
destroy,1
causesfor,1
unintentional,1
exposures,1
losingtheir,1
emailing,1
wrong,1
persondue,1
autocomplete,1
indicators,1
toreport,1
ResourcesAn,1
holistic,1
policyand,1
Policies,1
withtechnical,1
reinforced,1
fill,1
inunderstanding,1
minimizethe,1
With,1
befocused,1
concepts,1
technically,1
ongoingprocess,1
specificbehaviors,1
depending,1
jobrole,1
repeated,1
measured,1
foreffectiveness,1
discourage,1
arounds,1
includingrationale,1
called,1
successfultraining,1
suggest,1
followingresources,1
Infosec,1
Traininghttps,1
csrc,1
sp,1
final,1
ENISA,1
enisa,1
europa,1
eu,1
old,1
European,1
audience,1
EDUCAUSE,1
library,1
educause,1
edu,1
#?,1
q,1
=,1
NCSA,1
staysafeonline,1
/•,1
SANS,1
sans,1
resourcesCIS,1
DiagramWorkforceMembersUser,1
AssessmentsAlerting,1
SecurityManage,1
applicationsoftware,1
Vulnerabilities,1
reasons,1
logic,1
incomplete,1
conditions,1
filter,1
unneededbut,1
sequences,1
streams,1
initialize,1
clearvariables,1
memory,1
affectunrelated,1
portions,1
flood,1
toattackers,1
alike,1
weaponization,1
inject,1
includingbuffer,1
overflows,1
Structured,1
Query,1
Language,1
cross,1
crosssiterequest,1
forgery,1
click,1
jacking,1
Inone,1
million,1
enginesfor,1
visitors,1
During,1
stategovernments,1
infect,1
ofthousands,1
applicationvulnerabilities,1
SecuritySub,1
CodingPracticesEnsure,1
Explicit,1
ErrorChecking,1
Performed,1
forAll,1
House,1
DevelopedSoftwareVerify,1
That,1
AcquiredSoftware,1
Still,1
SupportedOnly,1
Up,1
DateAnd,1
Trusted,1
Third,1
PartyComponentsOnly,1
Standardized,1
andExtensively,1
ReviewedEncryption,1
AlgorithmsEnsure,1
SoftwareDevelopment,1
Personnelare,1
Trained,1
SecureCodingApply,1
Static,1
DynamicCode,1
ToolsEstablish,1
toAccept,1
AddressReports,1
SoftwareVulnerabilitiesSeparate,1
andNon,1
SystemsDeploy,1
ApplicationFirewallsUse,1
Standa,1
rd,1
HardeningConfiguration,1
Templatesfor,1
DatabasesControlDescriptionsEstablish,1
programming,1
language,1
developmentenvironment,1
explicit,1
checking,1
anddocumented,1
datatype,1
acceptable,1
formats,1
Verify,1
acquiredfrom,1
appropriately,1
hardenedbased,1
recommendations,1
partycomponents,1
extensively,1
reviewedencryption,1
personnelreceive,1
writing,1
fortheir,1
andresponsibilities,1
static,1
verifythat,1
adhered,1
tofor,1
accept,1
reportsof,1
providinga,1
entities,1
yoursecurity,1
productionand,1
Developers,1
shouldnot,1
unmonitored,1
productionenvironments,1
WAFs,1
trafficflowing,1
notweb,1
thegiven,1
sit,1
encryptionor,1
capable,1
priorto,1
option,1
ahost,1
bedeployed,1
usestandard,1
Allsystems,1
processesshould,1
shelf,1
externaldevelopers,1
encompassing,1
widepolicy,1
practice,1
scanningfor,1
consolidated,1
ContinuousVulnerability,1
supplychain,1
Development,1
LifeCycle,1
Those,1
addressed,1
customer,1
entirelife,1
embed,1
natural,1
sequential,1
approaches,1
Acceptance,1
testingtools,1
safe,1
assume,1
softwarewill,1
perfect,1
bug,1
andremediation,1
.),,1
softwarepractices,1
Whenever,1
suppliers,1
berequired,1
usedand,1
ApplicationSoftware,1
comprehensiveresources,1
Open,1
Project,1
shares,1
rich,1
ofsoftware,1
Assurance,1
Forum,1
Excellence,1
Code,1
encourages,1
provensoftware,1
authenticity,1
safecode,1
PlansCode,1
AnalysisSystemWeb,1
WAF,1
CodingStandardsComputingSystems,1
ManagementProtect,1
reputation,1
implementingan,1
thedamage,1
eradicating,1
restoring,1
funded,1
technicallysophisticated,1
Thequestion,1
.”,1
occurs,1
too,1
late,1
legal,1
strategy,1
responseplan,1
contain,1
eradicate,1
spresence,1
fashion,1
Thus,1
greater,1
causing,1
infecting,1
thanwould,1
AControlTitleDocument,1
IncidentResponse,1
ProceduresAssign,1
Titles,1
andDuties,1
IncidentResponseDesignate,1
ManagementPersonnel,1
SupportIncident,1
HandlingDevise,1
Organization,1
wideStandards,1
ReportingIncidentsMaintain,1
ContactInformation,1
ForReporting,1
SecurityIncidentsPublish,1
InformationRegarding,1
ReportingComputer,1
Anomalies,1
andIncidentsConduct,1
IncidentScenario,1
Sessions,1
forPersonnelCreate,1
Scoringand,1
SchemaControlDescriptionsEnsure,1
written,1
responseplans,1
asphases,1
Assign,1
titles,1
duties,1
computerand,1
andensure,1
tracking,1
resolution,1
Designate,1
asbackups,1
handlingprocess,1
acting,1
timerequired,1
otherworkforce,1
anomalous,1
eventsto,1
mechanismsfor,1
kind,1
informationthat,1
incidentnotification,1
Assemble,1
thirdpartycontact,1
reporta,1
Law,1
Enforcement,1
andISAC,1
Publish,1
regarding,1
anomalies,1
andincidents,1
Suchinformation,1
routineemployee,1
Plan,1
responseexercises,1
involvedin,1
awarenessand,1
comfort,1
responding,1
responder,1
stechnical,1
dataavailable,1
schemabased,1
yourorganization,1
score,1
ofstatus,1
escalation,1
ToolsAfter,1
defining,1
engagein,1
scenario,1
series,1
tuned,1
faces,1
teammembers,1
prepare,1
tohandle,1
inevitable,1
exercise,1
andprocesses,1
CREST,1
GuideCREST,1
ofcyberdefense,1
crest,1
wp,1
uploads,1
CSIRProcurement,1
Guide,1
DiagramWorkforceMembersThird,1
PartyAuthoritiesAlerting,1
SystemIncidentManagementPlans,1
ExercisesTest,1
thepeople,1
simulating,1
designs,1
intentions,1
maintenance,1
announcement,1
availability,1
Otherexamples,1
intentioned,1
mechanism,1
especiallythose,1
machinesthat,1
multipledefensive,1
posture,1
andgovernance,1
complexenvironment,1
constantly,1
tradecraft,1
appearsregularly,1
theirreadiness,1
beidentified,1
Next,1
demonstrate,1
specificallyhow,1
adversary,1
subvert,1
goals,1
Intellectual,1
Property,1
covert,1
throughdemonstration,1
spectrum,1
fordefensive,1
performance,1
Independent,1
Teams,1
canprovide,1
objective,1
insights,1
existence,1
efficacyof,1
planned,1
futureimplementation,1
ExercisesSub,1
ProgramConduct,1
Regular,1
Externaland,1
PenetrationTestsPerform,1
RedTeam,1
ExercisesInclude,1
Presenceof,1
Unprotected,1
SystemInformation,1
ArtifactsCreate,1
Bed,1
forElements,1
TypicallyTested,1
ProductionUse,1
VulnerabilityScanning,1
ConcertEnsure,1
Results,1
fromPenetration,1
areDocumented,1
UsingOpen,1
Machine,1
readableStandardsControl,1
MonitorAccounts,1
Associated,1
withPenetration,1
TestingControlDescriptionsEstablish,1
thatincludes,1
blended,1
suchas,1
applicationattacks,1
Conduct,1
internalpenetration,1
vulnerabilitiesand,1
exploitenterprise,1
testorganizational,1
stopattacks,1
unprotectedsystem,1
beuseful,1
diagrams,1
orother,1
bed,1
mimics,1
productionenvironment,1
nottypically,1
attacksagainst,1
supervisory,1
acquisitionand,1
concert,1
ofvulnerability,1
assessments,1
usedas,1
Wherever,1
resultsare,1
readablestandards,1
methodfor,1
exercisesso,1
performpenetration,1
andmonitored,1
orrestored,1
ResourcesHistorically,1
dramatic,1
usually,1
convince,1
decisionmakersof,1
validation,1
general,1
introduce,1
securitymanagement,1
yourenterprise,1
does,1
Each,1
testingand,1
analyses,1
projects,1
highest,1
processing,1
functionality,1
Otherlower,1
see,1
compromisehigher,1
analysesshould,1
testapproach,1
tosupport,1
Methodologieshttps,1
index,1
php,1
PCI,1
Standards,1
Councilhttps,1
pcisecuritystandards,1
Guidance,1
v,1
DiagramWorkforceMembersPenetrationTestersAlerting,1
SystemPenetrationTestingPlansV,1
NotesAs,1
andfor,1
assist,1
creative,1
volunteeringand,1
questions,1
comments,1
pleasewrite,1
informationalpurposes,1
endorsement,1
company,1
product,1
Contact,1
InformationCIS,1
Tech,1
Valley,1
DriveEast,1
Greenbush,1
NY,1
